{"cameraMode":{"drawMode":0,"name":"Shaded","section":"Shading Mode"},"sceneLighting":false,"audioPlay":false,"sceneViewState":{"m_AlwaysRefresh":false,"showFog":true,"showSkybox":true,"showFlares":true,"showImageEffects":true,"showParticleSystems":true,"showVisualEffectGraphs":true,"m_FxEnabled":false},"in2DMode":false,"pivot":{"x":1413.5511474609375,"y":691.0952758789063,"z":-445.84515380859377},"rotation":{"x":0.020686423406004907,"y":0.017092648893594743,"z":0.00035211784415878356,"w":-0.9996447563171387},"size":476.209716796875,"orthographic":false}